index,word,a,b,c
0,а,0.0,0.5,-0.6931471805599453
1,абсолютно,0.1,0.1,0.0
2,авейру,0.0,0.1,-0.1823215567939546
3,автобус,0.3,0.2,0.1451820098444979
4,азарт,0.0,0.1,-0.1823215567939546
5,айс,0.0,0.1,-0.1823215567939546
6,акинфеев,0.0,0.1,-0.1823215567939546
7,аккуратно,0.1,0.0,0.1823215567939546
8,аккуратность,0.1,0.0,0.1823215567939546
9,аксессуар,0.1,0.0,0.1823215567939546
10,активность,0.0,0.1,-0.1823215567939546
11,активный,0.0,0.2,-0.3364722366212129
12,актуальный,0.0,0.1,-0.1823215567939546
13,акционер,0.0,0.1,-0.1823215567939546
14,американский,0.2,0.0,0.3364722366212129
15,аморальный,0.1,0.0,0.1823215567939546
16,анализировать,0.0,0.1,-0.1823215567939546
17,англия,0.2,0.2,0.0
18,аргентинский,0.0,0.1,-0.1823215567939546
19,армани,0.1,0.0,0.1823215567939546
20,аршавин,0.0,0.1,-0.1823215567939546
21,аспект,0.0,0.1,-0.1823215567939546
22,ассортимент,0.1,0.0,0.1823215567939546
23,ассоциироваться,0.2,0.1,0.15906469462968728
24,атаковать,0.0,0.1,-0.1823215567939546
25,аутсайдер,0.3,0.1,0.30075415401913386
26,аэробика,0.0,0.1,-0.1823215567939546
27,бабушка,0.0,0.1,-0.1823215567939546
28,баджо,0.0,0.1,-0.1823215567939546
29,бадминтон,0.0,0.1,-0.1823215567939546
30,банджа,0.0,0.1,-0.1823215567939546
31,барселона,0.0,0.1,-0.1823215567939546
32,барьер,0.1,0.0,0.1823215567939546
33,бассейн,0.0,0.1,-0.1823215567939546
34,бег,0.0,0.1,-0.1823215567939546
35,бега,0.1,0.0,0.1823215567939546
36,без,0.1,0.0,0.1823215567939546
37,бездушный,0.1,0.0,0.1823215567939546
38,безличный,0.1,0.0,0.1823215567939546
39,беккер,0.0,0.1,-0.1823215567939546
40,берлин,0.0,0.1,-0.1823215567939546
41,бессловесный,0.2,0.1,0.15906469462968728
42,бизнес,0.4,0.1,0.4289956055183586
43,бизнесвумен,0.1,0.0,0.1823215567939546
44,бизнесмен,0.3,0.1,0.30075415401913386
45,билборд,0.1,0.0,0.1823215567939546
46,биолог,0.2,0.1,0.15906469462968728
47,благодаря,0.1,0.0,0.1823215567939546
48,благоприятный,0.1,0.0,0.1823215567939546
49,благородный,0.0,0.1,-0.1823215567939546
50,благотворительный,0.0,0.1,-0.1823215567939546
51,ближний,0.1,0.0,0.1823215567939546
52,близкий,0.0,0.1,-0.1823215567939546
53,блошиный,0.1,0.0,0.1823215567939546
54,бодрый,0.0,0.1,-0.1823215567939546
55,бой,0.0,0.1,-0.1823215567939546
56,бокс,0.0,0.1,-0.1823215567939546
57,боксер,0.0,0.1,-0.1823215567939546
58,боксировать,0.0,0.1,-0.1823215567939546
59,более,0.3,0.3,0.0
60,болезнь,0.0,0.1,-0.1823215567939546
61,болельщик,0.0,0.2,-0.3364722366212129
62,болеть,0.0,0.1,-0.1823215567939546
63,больше,0.0,0.1,-0.1823215567939546
64,больший,0.2,0.0,0.3364722366212129
65,большинство,0.4,0.1,0.4289956055183586
66,большой,0.5,0.3,0.26826398659467937
67,борис,0.0,0.1,-0.1823215567939546
68,борьба,0.0,0.1,-0.1823215567939546
69,бояться,0.1,0.0,0.1823215567939546
70,бразилия,0.0,0.1,-0.1823215567939546
71,бракованный,0.1,0.0,0.1823215567939546
72,брат,0.0,0.1,-0.1823215567939546
73,брать,0.0,0.1,-0.1823215567939546
74,бренд,0.1,0.0,0.1823215567939546
75,брендовый,0.1,0.0,0.1823215567939546
76,брешия,0.0,0.1,-0.1823215567939546
77,британский,0.2,0.1,0.15906469462968728
78,бросать,0.1,0.0,0.1823215567939546
79,будущее,0.1,0.0,0.1823215567939546
80,бум,0.0,0.1,-0.1823215567939546
81,бутик,0.1,0.0,0.1823215567939546
82,бы,0.0,0.1,-0.1823215567939546
83,бывший,0.0,0.1,-0.1823215567939546
84,быстро,0.1,0.0,0.1823215567939546
85,быстроменяющийся,0.1,0.0,0.1823215567939546
86,бытовой,0.1,0.0,0.1823215567939546
87,быть,1.0,1.0,0.0
88,в,1.0,0.9,0.1823215567939546
89,важно,0.1,0.0,0.1823215567939546
90,важный,0.5,0.1,0.5465437063680698
91,ваш,0.2,0.0,0.3364722366212129
92,вводить,0.1,0.0,0.1823215567939546
93,вдобавок,0.0,0.1,-0.1823215567939546
94,ведущий,0.2,0.1,0.15906469462968728
95,век,0.2,0.1,0.15906469462968728
96,великий,0.0,0.1,-0.1823215567939546
97,велосипед,0.0,0.2,-0.3364722366212129
98,веревка,0.0,0.1,-0.1823215567939546
99,верно,0.0,0.1,-0.1823215567939546
100,вернуть,0.0,0.1,-0.1823215567939546
101,версачий,0.1,0.0,0.1823215567939546
102,версия,0.0,0.2,-0.3364722366212129
103,вес,0.0,0.1,-0.1823215567939546
104,вест,0.0,0.1,-0.1823215567939546
105,весь,0.6,0.5,0.13353139262452277
106,ветер,0.1,0.0,0.1823215567939546
107,вещь,0.7,0.2,0.6380874033769178
108,взгляд,0.1,0.0,0.1823215567939546
109,взрослый,0.0,0.1,-0.1823215567939546
110,взять,0.0,0.1,-0.1823215567939546
111,вид,0.6,0.6,0.0
112,видео,0.2,0.1,0.15906469462968728
113,видеть,0.3,0.0,0.47000362924573563
114,виери,0.0,0.1,-0.1823215567939546
115,винтик,0.0,0.1,-0.1823215567939546
116,виталий,0.0,0.1,-0.1823215567939546
117,виталия,0.0,0.1,-0.1823215567939546
118,витрина,0.2,0.0,0.3364722366212129
119,вкус,0.5,0.0,0.6931471805599453
120,вкусно,0.0,0.1,-0.1823215567939546
121,владелец,0.1,0.0,0.1823215567939546
122,владимир,0.0,0.1,-0.1823215567939546
123,влияние,0.3,0.0,0.47000362924573563
124,влиять,0.4,0.1,0.4289956055183586
125,вместе,0.0,0.1,-0.1823215567939546
126,вместо,0.0,0.1,-0.1823215567939546
127,вне,0.1,0.0,0.1823215567939546
128,внесение,0.0,0.1,-0.1823215567939546
129,внешний,0.1,0.0,0.1823215567939546
130,внешность,0.2,0.0,0.3364722366212129
131,вниз,0.0,0.1,-0.1823215567939546
132,внимание,0.2,0.0,0.3364722366212129
133,внимательно,0.0,0.1,-0.1823215567939546
134,внутренний,0.1,0.0,0.1823215567939546
135,во,0.5,0.2,0.4054651081081644
136,вода,0.0,0.1,-0.1823215567939546
137,водный,0.0,0.1,-0.1823215567939546
138,возвращение,0.0,0.1,-0.1823215567939546
139,воздух,0.0,0.1,-0.1823215567939546
140,возможность,0.0,0.3,-0.4700036292457356
141,возможный,0.1,0.0,0.1823215567939546
142,возраст,0.1,0.3,-0.3007541540191338
143,вокруг,0.1,0.0,0.1823215567939546
144,волейбол,0.0,0.2,-0.3364722366212129
145,волновать,0.3,0.1,0.30075415401913386
146,волос,0.3,0.1,0.30075415401913386
147,воля,0.0,0.2,-0.3364722366212129
148,вопрос,0.1,0.0,0.1823215567939546
149,воспитывать,0.0,0.1,-0.1823215567939546
150,восстание,0.2,0.1,0.15906469462968728
151,восток,0.1,0.0,0.1823215567939546
152,восхищаться,0.0,0.1,-0.1823215567939546
153,впечатление,0.1,0.0,0.1823215567939546
154,впечатлить,0.1,0.0,0.1823215567939546
155,впустую,0.1,0.0,0.1823215567939546
156,время,0.6,0.4,0.26469255422708216
157,вряд,0.1,0.0,0.1823215567939546
158,все,0.5,0.5,0.0
159,всегда,0.4,0.3,0.13720112151348515
160,всего,0.0,0.2,-0.3364722366212129
161,всемирно,0.2,0.0,0.3364722366212129
162,всемя,0.1,0.0,0.1823215567939546
163,встреча,0.1,0.0,0.1823215567939546
164,встречаться,0.0,0.1,-0.1823215567939546
165,вувузел,0.0,0.1,-0.1823215567939546
166,входить,0.1,0.0,0.1823215567939546
167,вы,0.6,0.3,0.39465419200394863
168,выбирать,0.7,0.3,0.5175824062288704
169,выбор,0.2,0.0,0.3364722366212129
170,выглядеть,0.4,0.0,0.5877866649021191
171,выгодный,0.1,0.0,0.1823215567939546
172,выигрывать,0.0,0.2,-0.3364722366212129
173,выносливый,0.0,0.1,-0.1823215567939546
174,вынуждать,0.1,0.2,-0.15906469462968728
175,вынужденный,0.0,0.1,-0.1823215567939546
176,выпрыгивать,0.0,0.1,-0.1823215567939546
177,вырастать,0.0,0.1,-0.1823215567939546
178,высказывать,0.1,0.0,0.1823215567939546
179,высмеивать,0.1,0.0,0.1823215567939546
180,высокий,0.2,0.1,0.15906469462968728
181,выходить,0.2,0.0,0.3364722366212129
182,вычурный,0.1,0.0,0.1823215567939546
183,вышивать,0.1,0.0,0.1823215567939546
184,г,0.0,0.2,-0.3364722366212129
185,гамбург,0.0,0.1,-0.1823215567939546
186,где,0.1,0.3,-0.3007541540191338
187,германия,0.0,0.1,-0.1823215567939546
188,гигант,0.1,0.0,0.1823215567939546
189,гимнастика,0.0,0.1,-0.1823215567939546
190,гимнастический,0.0,0.1,-0.1823215567939546
191,глава,0.1,0.0,0.1823215567939546
192,глаз,0.1,0.0,0.1823215567939546
193,гламур,0.1,0.0,0.1823215567939546
194,глупый,0.2,0.0,0.3364722366212129
195,говорить,0.3,0.2,0.1451820098444979
196,год,0.4,0.5,-0.13353139262452274
197,голова,0.0,0.1,-0.1823215567939546
198,гонять,0.0,0.1,-0.1823215567939546
199,гора,0.0,0.1,-0.1823215567939546
200,гораздо,0.0,0.1,-0.1823215567939546
201,город,0.1,0.0,0.1823215567939546
202,гот,0.2,0.1,0.15906469462968728
203,готовить,0.0,0.1,-0.1823215567939546
204,граф,0.0,0.1,-0.1823215567939546
205,гроссмейстер,0.0,0.1,-0.1823215567939546
206,грошовый,0.1,0.0,0.1823215567939546
207,грубый,0.0,0.1,-0.1823215567939546
208,группа,0.4,0.1,0.4289956055183586
209,гучча,0.1,0.0,0.1823215567939546
210,д,0.1,0.0,0.1823215567939546
211,давать,0.2,0.1,0.15906469462968728
212,даже,0.7,0.6,0.13720112151348496
213,дайвинг,0.0,0.1,-0.1823215567939546
214,данный,0.1,0.0,0.1823215567939546
215,два,0.0,0.1,-0.1823215567939546
216,двадцатый,0.2,0.1,0.15906469462968728
217,дверь,0.2,0.0,0.3364722366212129
218,де,0.0,0.1,-0.1823215567939546
219,дебют,0.0,0.1,-0.1823215567939546
220,девушка,0.1,0.0,0.1823215567939546
221,девятнадцатый,0.2,0.1,0.15906469462968728
222,действительно,0.0,0.2,-0.3364722366212129
223,делать,0.3,0.3,0.0
224,дело,0.3,0.2,0.1451820098444979
225,деловой,0.1,0.0,0.1823215567939546
226,день,0.5,0.3,0.26826398659467937
227,деньги,0.4,0.1,0.4289956055183586
228,держать,0.0,0.1,-0.1823215567939546
229,десятилетие,0.0,0.1,-0.1823215567939546
230,детский,0.1,0.0,0.1823215567939546
231,дешево,0.2,0.0,0.3364722366212129
232,дешевый,0.0,0.1,-0.1823215567939546
233,джампинг,0.0,0.1,-0.1823215567939546
234,джинсы,0.2,0.0,0.3364722366212129
235,джон,0.0,0.1,-0.1823215567939546
236,диета,0.0,0.1,-0.1823215567939546
237,дизайнер,0.3,0.1,0.30075415401913386
238,дизайнерский,0.3,0.0,0.47000362924573563
239,дикий,0.0,0.1,-0.1823215567939546
240,длинный,0.1,0.0,0.1823215567939546
241,для,1.0,0.7,0.47000362924573563
242,добротный,0.1,0.0,0.1823215567939546
243,довольно,0.2,0.0,0.3364722366212129
244,доктор,0.0,0.1,-0.1823215567939546
245,должно,0.1,0.0,0.1823215567939546
246,должность,0.0,0.1,-0.1823215567939546
247,должный,0.3,0.2,0.1451820098444979
248,дом,0.1,0.1,0.0
249,дома,0.0,0.1,-0.1823215567939546
250,доносить,0.2,0.1,0.15906469462968728
251,дорого,0.1,0.0,0.1823215567939546
252,дорогой,0.3,0.0,0.47000362924573563
253,достаточно,0.0,0.1,-0.1823215567939546
254,достижение,0.0,0.1,-0.1823215567939546
255,достопримечательность,0.1,0.0,0.1823215567939546
256,доступный,0.1,0.1,0.0
257,досуг,0.1,0.0,0.1823215567939546
258,доход,0.1,0.0,0.1823215567939546
259,древний,0.1,0.0,0.1823215567939546
260,дресс,0.1,0.0,0.1823215567939546
261,друг,0.1,0.3,-0.3007541540191338
262,другой,0.7,0.6,0.13720112151348496
263,думать,0.1,0.2,-0.15906469462968728
264,дух,0.1,0.0,0.1823215567939546
265,душа,0.1,0.1,0.0
266,душевный,0.1,0.0,0.1823215567939546
267,е,0.1,0.0,0.1823215567939546
268,европа,0.1,0.1,0.0
269,европейский,0.1,0.1,0.0
270,его,0.3,0.4,-0.13720112151348515
271,егорова,0.0,0.1,-0.1823215567939546
272,еда,0.2,0.0,0.3364722366212129
273,единственный,0.1,0.0,0.1823215567939546
274,ее,0.1,0.0,0.1823215567939546
275,езда,0.0,0.1,-0.1823215567939546
276,ездить,0.0,0.1,-0.1823215567939546
277,если,0.5,0.3,0.26826398659467937
278,естественность,0.1,0.0,0.1823215567939546
279,ехать,0.0,0.1,-0.1823215567939546
280,ещ,0.0,0.1,-0.1823215567939546
281,еще,0.1,0.1,0.0
282,же,0.4,0.3,0.13720112151348515
283,желание,0.1,0.1,0.0
284,железный,0.0,0.1,-0.1823215567939546
285,жена,0.1,0.1,0.0
286,женатый,0.0,0.1,-0.1823215567939546
287,женский,0.1,0.0,0.1823215567939546
288,женщина,0.3,0.0,0.47000362924573563
289,жертва,0.2,0.0,0.3364722366212129
290,жесткий,0.0,0.1,-0.1823215567939546
291,жизненно,0.2,0.0,0.3364722366212129
292,жизненный,0.1,0.0,0.1823215567939546
293,жизнь,0.6,0.4,0.26469255422708216
294,жить,0.2,0.4,-0.2795848622191617
295,журнал,0.5,0.1,0.5465437063680698
296,за,0.2,0.5,-0.40546510810816444
297,забота,0.0,0.1,-0.1823215567939546
298,заботиться,0.0,0.1,-0.1823215567939546
299,забывать,0.3,0.0,0.47000362924573563
300,заведение,0.1,0.0,0.1823215567939546
301,зависеть,0.3,0.2,0.1451820098444979
302,зависимый,0.1,0.0,0.1823215567939546
303,завоевывать,0.0,0.1,-0.1823215567939546
304,задумываться,0.1,0.0,0.1823215567939546
305,закалять,0.0,0.1,-0.1823215567939546
306,заканчивать,0.0,0.1,-0.1823215567939546
307,заключаться,0.1,0.0,0.1823215567939546
308,заключение,0.1,0.1,0.0
309,закон,0.3,0.1,0.30075415401913386
310,законодатель,0.1,0.0,0.1823215567939546
311,замерзать,0.0,0.1,-0.1823215567939546
312,заметный,0.1,0.0,0.1823215567939546
313,занимать,0.1,0.0,0.1823215567939546
314,заниматься,0.0,0.3,-0.4700036292457356
315,занятие,0.0,0.1,-0.1823215567939546
316,западный,0.1,0.0,0.1823215567939546
317,запрещать,0.2,0.1,0.15906469462968728
318,зарубежный,0.0,0.1,-0.1823215567939546
319,затем,0.0,0.2,-0.3364722366212129
320,захватывать,0.1,0.1,0.0
321,защищать,0.0,0.1,-0.1823215567939546
322,заявлять,0.1,0.1,0.0
323,звание,0.0,0.1,-0.1823215567939546
324,звать,0.0,0.1,-0.1823215567939546
325,звезда,0.0,0.1,-0.1823215567939546
326,здесь,0.1,0.0,0.1823215567939546
327,здоровый,0.0,0.3,-0.4700036292457356
328,здоровье,0.0,0.3,-0.4700036292457356
329,зеленый,0.2,0.1,0.15906469462968728
330,земля,0.0,0.1,-0.1823215567939546
331,зидан,0.0,0.1,-0.1823215567939546
332,зима,0.0,0.1,-0.1823215567939546
333,зимний,0.0,0.1,-0.1823215567939546
334,зинедин,0.0,0.1,-0.1823215567939546
335,знак,0.1,0.0,0.1823215567939546
336,знать,0.4,0.1,0.4289956055183586
337,значительно,0.1,0.0,0.1823215567939546
338,значить,0.2,0.0,0.3364722366212129
339,золотой,0.0,0.2,-0.3364722366212129
340,и,1.0,1.0,0.0
341,игорь,0.0,0.1,-0.1823215567939546
342,игра,0.0,0.2,-0.3364722366212129
343,играть,0.0,0.5,-0.6931471805599453
344,игрок,0.0,0.2,-0.3364722366212129
345,идеал,0.0,0.1,-0.1823215567939546
346,идеально,0.1,0.0,0.1823215567939546
347,идеальный,0.1,0.0,0.1823215567939546
348,идея,0.4,0.1,0.4289956055183586
349,идти,0.2,0.0,0.3364722366212129
350,из,0.5,0.6,-0.13353139262452274
351,известно,0.0,0.1,-0.1823215567939546
352,известный,0.2,0.2,0.0
353,изготовлять,0.1,0.0,0.1823215567939546
354,изделие,0.1,0.0,0.1823215567939546
355,изменение,0.3,0.2,0.1451820098444979
356,изменяться,0.1,0.1,0.0
357,израиль,0.1,0.0,0.1823215567939546
358,или,0.8,0.3,0.6380874033769182
359,именно,0.1,0.0,0.1823215567939546
360,иметь,0.4,0.6,-0.26469255422708216
361,инвестировать,0.1,0.0,0.1823215567939546
362,индивидуальность,0.2,0.0,0.3364722366212129
363,индустрия,0.1,0.0,0.1823215567939546
364,иногда,0.2,0.1,0.15906469462968728
365,иной,0.1,0.0,0.1823215567939546
366,инстанция,0.0,0.1,-0.1823215567939546
367,инсульт,0.0,0.1,-0.1823215567939546
368,интер,0.0,0.1,-0.1823215567939546
369,интерес,0.0,0.1,-0.1823215567939546
370,интересный,0.2,0.0,0.3364722366212129
371,интересоваться,0.0,0.1,-0.1823215567939546
372,интернет,0.1,0.0,0.1823215567939546
373,информация,0.0,0.1,-0.1823215567939546
374,искать,0.1,0.0,0.1823215567939546
375,искусство,0.3,0.0,0.47000362924573563
376,испанский,0.0,0.1,-0.1823215567939546
377,использование,0.0,0.1,-0.1823215567939546
378,использовать,0.2,0.2,0.0
379,испытание,0.1,0.0,0.1823215567939546
380,история,0.2,0.2,0.0
381,их,0.3,0.1,0.30075415401913386
382,июль,0.0,0.1,-0.1823215567939546
383,йога,0.0,0.1,-0.1823215567939546
384,к,0.5,0.6,-0.13353139262452274
385,каждодневный,0.1,0.0,0.1823215567939546
386,каждый,0.6,0.5,0.13353139262452277
387,казаться,0.2,0.1,0.15906469462968728
388,как,0.7,0.7,0.0
389,какой,0.5,0.2,0.4054651081081644
390,карточка,0.1,0.0,0.1823215567939546
391,карьера,0.0,0.3,-0.4700036292457356
392,катание,0.0,0.1,-0.1823215567939546
393,качество,0.5,0.3,0.26826398659467937
394,киев,0.0,0.1,-0.1823215567939546
395,кино,0.0,0.1,-0.1823215567939546
396,класс,0.1,0.0,0.1823215567939546
397,классовый,0.2,0.1,0.15906469462968728
398,клеить,0.2,0.1,0.15906469462968728
399,кличко,0.0,0.1,-0.1823215567939546
400,клуб,0.1,0.1,0.0
401,книга,0.2,0.1,0.15906469462968728
402,когда,0.3,0.3,0.0
403,код,0.1,0.0,0.1823215567939546
404,коллективно,0.0,0.1,-0.1823215567939546
405,команда,0.0,0.2,-0.3364722366212129
406,компания,0.1,0.1,0.0
407,комфорт,0.1,0.0,0.1823215567939546
408,комфортно,0.1,0.0,0.1823215567939546
409,конечно,0.0,0.3,-0.4700036292457356
410,конкретный,0.1,0.0,0.1823215567939546
411,конкурировать,0.1,0.0,0.1823215567939546
412,коноварро,0.0,0.1,-0.1823215567939546
413,контракт,0.0,0.1,-0.1823215567939546
414,контролировать,0.0,0.1,-0.1823215567939546
415,конформист,0.2,0.1,0.15906469462968728
416,коринтианс,0.0,0.1,-0.1823215567939546
417,костюм,0.2,0.0,0.3364722366212129
418,который,0.8,0.6,0.2795848622191617
419,красиво,0.2,0.0,0.3364722366212129
420,красивый,0.0,0.2,-0.3364722366212129
421,красить,0.2,0.1,0.15906469462968728
422,красный,0.1,0.0,0.1823215567939546
423,красота,0.1,0.0,0.1823215567939546
424,кредитный,0.1,0.0,0.1823215567939546
425,критик,0.1,0.0,0.1823215567939546
426,критика,0.1,0.0,0.1823215567939546
427,криштиану,0.0,0.1,-0.1823215567939546
428,кроме,0.4,0.1,0.4289956055183586
429,кроссовка,0.1,0.0,0.1823215567939546
430,крузейро,0.0,0.1,-0.1823215567939546
431,крупный,0.2,0.1,0.15906469462968728
432,крутой,0.0,0.1,-0.1823215567939546
433,крысиный,0.1,0.0,0.1823215567939546
434,кстати,0.1,0.0,0.1823215567939546
435,кто,0.3,0.3,0.0
436,кулак,0.0,0.1,-0.1823215567939546
437,культура,0.1,0.0,0.1823215567939546
438,купаться,0.0,0.1,-0.1823215567939546
439,купить,0.3,0.0,0.47000362924573563
440,кэтрин,0.2,0.1,0.15906469462968728
441,лавочка,0.1,0.0,0.1823215567939546
442,лацио,0.0,0.1,-0.1823215567939546
443,легко,0.1,0.0,0.1823215567939546
444,легкомысленный,0.1,0.0,0.1823215567939546
445,лед,0.0,0.1,-0.1823215567939546
446,лекарство,0.1,0.1,0.0
447,лестница,0.0,0.1,-0.1823215567939546
448,лето,0.0,0.2,-0.3364722366212129
449,ли,0.1,0.0,0.1823215567939546
450,либо,0.1,0.0,0.1823215567939546
451,лима,0.0,0.1,-0.1823215567939546
452,линия,0.1,0.0,0.1823215567939546
453,лионель,0.0,0.1,-0.1823215567939546
454,лифт,0.0,0.1,-0.1823215567939546
455,лично,0.1,0.0,0.1823215567939546
456,личность,0.1,0.0,0.1823215567939546
457,личный,0.1,0.0,0.1823215567939546
458,лишаться,0.0,0.1,-0.1823215567939546
459,лишь,0.1,0.2,-0.15906469462968728
460,логотип,0.1,0.0,0.1823215567939546
461,лодка,0.0,0.1,-0.1823215567939546
462,лондон,0.1,0.1,0.0
463,луис,0.0,0.1,-0.1823215567939546
464,лыжа,0.0,0.1,-0.1823215567939546
465,лэмпард,0.0,0.1,-0.1823215567939546
466,любимый,0.1,0.4,-0.4289956055183586
467,любитель,0.0,0.1,-0.1823215567939546
468,любить,0.1,0.6,-0.6554068525770982
469,любой,0.3,0.2,0.1451820098444979
470,магазин,0.5,0.1,0.5465437063680698
471,магазинчик,0.1,0.0,0.1823215567939546
472,мадрид,0.0,0.2,-0.3364722366212129
473,макияж,0.1,0.0,0.1823215567939546
474,маккенра,0.0,0.1,-0.1823215567939546
475,маленький,0.1,0.1,0.0
476,мало,0.1,0.0,0.1823215567939546
477,малый,0.1,0.0,0.1823215567939546
478,мальдини,0.0,0.1,-0.1823215567939546
479,марка,0.2,0.0,0.3364722366212129
480,март,0.0,0.1,-0.1823215567939546
481,массовый,0.0,0.1,-0.1823215567939546
482,матч,0.0,0.2,-0.3364722366212129
483,медицинский,0.0,0.1,-0.1823215567939546
484,между,0.3,0.1,0.30075415401913386
485,менее,0.5,0.1,0.5465437063680698
486,меньший,0.1,0.0,0.1823215567939546
487,меняться,0.3,0.0,0.47000362924573563
488,месся,0.0,0.1,-0.1823215567939546
489,местный,0.1,0.0,0.1823215567939546
490,место,0.2,0.0,0.3364722366212129
491,месяц,0.2,0.0,0.3364722366212129
492,механизм,0.0,0.1,-0.1823215567939546
493,мечта,0.0,0.1,-0.1823215567939546
494,мечтать,0.0,0.2,-0.3364722366212129
495,мешать,0.0,0.1,-0.1823215567939546
496,мешковатый,0.1,0.0,0.1823215567939546
497,милан,0.0,0.1,-0.1823215567939546
498,миллион,0.2,0.1,0.15906469462968728
499,мимо,0.1,0.0,0.1823215567939546
500,минутв,0.1,0.0,0.1823215567939546
501,мир,0.4,0.5,-0.13353139262452274
502,мировой,0.1,0.0,0.1823215567939546
503,мкие,0.1,0.0,0.1823215567939546
504,мнение,0.1,0.3,-0.3007541540191338
505,многие,0.0,0.1,-0.1823215567939546
506,многий,0.5,0.4,0.13353139262452277
507,много,0.8,0.9,-0.1590646946296874
508,многое,0.1,0.0,0.1823215567939546
509,многочисленный,0.2,0.1,0.15906469462968728
510,множество,0.3,0.0,0.47000362924573563
511,могутвас,0.1,0.0,0.1823215567939546
512,мода,0.8,0.2,0.7472144018302211
513,модель,0.2,0.1,0.15906469462968728
514,модельер,0.1,0.0,0.1823215567939546
515,модный,0.7,0.1,0.7570959051602186
516,можно,0.3,0.0,0.47000362924573563
517,мой,0.2,0.6,-0.5245244681241524
518,молодежь,0.1,0.1,0.0
519,молот,0.0,0.1,-0.1823215567939546
520,момент,0.1,0.0,0.1823215567939546
521,моника,0.0,0.1,-0.1823215567939546
522,монополизировать,0.1,0.0,0.1823215567939546
523,мост,0.0,0.1,-0.1823215567939546
524,мочь,0.8,0.4,0.5245244681241527
525,мужской,0.1,0.0,0.1823215567939546
526,мужчина,0.2,0.0,0.3364722366212129
527,музыка,0.2,0.2,0.0
528,мы,0.9,0.3,0.7570959051602186
529,мясо,0.1,0.0,0.1823215567939546
530,мяч,0.0,0.3,-0.4700036292457356
531,на,0.9,0.7,0.30075415401913386
532,наверное,0.0,0.1,-0.1823215567939546
533,навязывать,0.1,0.0,0.1823215567939546
534,награда,0.0,0.1,-0.1823215567939546
535,надевать,0.1,0.0,0.1823215567939546
536,надежность,0.1,0.0,0.1823215567939546
537,надо,0.0,0.1,-0.1823215567939546
538,назад,0.1,0.1,0.0
539,назарио,0.0,0.1,-0.1823215567939546
540,называть,0.1,0.0,0.1823215567939546
541,наиболее,0.1,0.1,0.0
542,наклон,0.0,0.1,-0.1823215567939546
543,наличные,0.1,0.0,0.1823215567939546
544,наличный,0.1,0.0,0.1823215567939546
545,наоборот,0.1,0.0,0.1823215567939546
546,нападающий,0.0,0.1,-0.1823215567939546
547,направление,0.1,0.0,0.1823215567939546
548,например,0.3,0.4,-0.13720112151348515
549,наркотик,0.0,0.1,-0.1823215567939546
550,наряд,0.1,0.0,0.1823215567939546
551,нарядный,0.1,0.0,0.1823215567939546
552,население,0.1,0.0,0.1823215567939546
553,насколько,0.1,0.0,0.1823215567939546
554,настолько,0.1,0.0,0.1823215567939546
555,настоящий,0.0,0.1,-0.1823215567939546
556,наталья,0.0,0.1,-0.1823215567939546
557,находить,0.1,0.1,0.0
558,начало,0.1,0.1,0.0
559,начинать,0.2,0.1,0.15906469462968728
560,начинаться,0.0,0.1,-0.1823215567939546
561,наш,0.5,0.4,0.13353139262452277
562,не,1.0,0.8,0.3364722366212129
563,небольшой,0.2,0.1,0.15906469462968728
564,невероятно,0.1,0.0,0.1823215567939546
565,невозможно,0.1,0.0,0.1823215567939546
566,недорого,0.1,0.0,0.1823215567939546
567,недостаточно,0.1,0.0,0.1823215567939546
568,неженатый,0.0,0.1,-0.1823215567939546
569,нездоровый,0.0,0.1,-0.1823215567939546
570,незнакомец,0.1,0.0,0.1823215567939546
571,неизменный,0.1,0.0,0.1823215567939546
572,некий,0.1,0.0,0.1823215567939546
573,некоторый,0.4,0.2,0.2795848622191617
574,нелепый,0.1,0.0,0.1823215567939546
575,нельзя,0.1,0.0,0.1823215567939546
576,немецкий,0.0,0.1,-0.1823215567939546
577,немного,0.0,0.1,-0.1823215567939546
578,немой,0.0,0.1,-0.1823215567939546
579,необходимо,0.0,0.1,-0.1823215567939546
580,необходимость,0.2,0.0,0.3364722366212129
581,необходимый,0.1,0.0,0.1823215567939546
582,неопрятный,0.1,0.0,0.1823215567939546
583,неотделимый,0.1,0.0,0.1823215567939546
584,неотъемлемый,0.0,0.2,-0.3364722366212129
585,непосредственно,0.0,0.1,-0.1823215567939546
586,неправильно,0.1,0.0,0.1823215567939546
587,непрактичный,0.1,0.0,0.1823215567939546
588,непреодолимый,0.1,0.0,0.1823215567939546
589,непринужденный,0.1,0.0,0.1823215567939546
590,нередко,0.1,0.0,0.1823215567939546
591,несколько,0.3,0.0,0.47000362924573563
592,несмотря,0.1,0.0,0.1823215567939546
593,нет,0.4,0.0,0.5877866649021191
594,нечестный,0.0,0.1,-0.1823215567939546
595,ни,0.1,0.0,0.1823215567939546
596,нибудь,0.1,0.0,0.1823215567939546
597,низкий,0.2,0.0,0.3364722366212129
598,никакой,0.2,0.1,0.15906469462968728
599,никогда,0.1,0.4,-0.4289956055183586
600,ничто,0.2,0.0,0.3364722366212129
601,но,0.8,0.5,0.4054651081081644
602,новый,0.5,0.2,0.4054651081081644
603,ноготь,0.1,0.0,0.1823215567939546
604,номер,0.0,0.1,-0.1823215567939546
605,норма,0.1,0.0,0.1823215567939546
606,носить,0.7,0.1,0.7570959051602186
607,ностальгия,0.1,0.0,0.1823215567939546
608,ночной,0.1,0.0,0.1823215567939546
609,ноябрь,0.0,0.1,-0.1823215567939546
610,нравиться,0.1,0.2,-0.15906469462968728
611,нужда,0.0,0.1,-0.1823215567939546
612,нужно,0.1,0.1,0.0
613,нужный,0.0,0.1,-0.1823215567939546
614,нырять,0.0,0.1,-0.1823215567939546
615,нэсто,0.0,0.1,-0.1823215567939546
616,нюхать,0.1,0.0,0.1823215567939546
617,о,0.6,0.4,0.26469255422708216
618,об,0.1,0.1,0.0
619,оба,0.0,0.1,-0.1823215567939546
620,обладатель,0.1,0.0,0.1823215567939546
621,область,0.1,0.0,0.1823215567939546
622,обложка,0.1,0.0,0.1823215567939546
623,обманывать,0.1,0.0,0.1823215567939546
624,обожать,0.0,0.1,-0.1823215567939546
625,образ,0.8,0.1,0.8527773261518292
626,обращать,0.1,0.0,0.1823215567939546
627,обстреливаться,0.2,0.1,0.15906469462968728
628,обувь,0.2,0.0,0.3364722366212129
629,обходить,0.1,0.0,0.1823215567939546
630,общество,0.6,0.1,0.6554068525770982
631,общий,0.0,0.2,-0.3364722366212129
632,обычно,0.2,0.0,0.3364722366212129
633,обязанность,0.1,0.0,0.1823215567939546
634,овощ,0.1,0.0,0.1823215567939546
635,огонек,0.1,0.0,0.1823215567939546
636,огромный,0.1,0.0,0.1823215567939546
637,одевать,0.4,0.1,0.4289956055183586
638,одеваться,0.4,0.1,0.4289956055183586
639,одежда,1.0,0.1,1.0296194171811581
640,одетый,0.2,0.0,0.3364722366212129
641,один,0.5,0.6,-0.13353139262452274
642,однако,0.2,0.1,0.15906469462968728
643,одноклассник,0.1,0.0,0.1823215567939546
644,озеро,0.0,0.1,-0.1823215567939546
645,означать,0.3,0.2,0.1451820098444979
646,оказывать,0.1,0.0,0.1823215567939546
647,около,0.0,0.1,-0.1823215567939546
648,окончательный,0.1,0.0,0.1823215567939546
649,октябрь,0.0,0.1,-0.1823215567939546
650,он,0.7,0.6,0.13720112151348496
651,она,0.8,0.1,0.8527773261518292
652,они,0.7,0.9,-0.3007541540191338
653,онлайн,0.1,0.0,0.1823215567939546
654,оно,0.1,0.1,0.0
655,опасность,0.0,0.1,-0.1823215567939546
656,опасный,0.0,0.1,-0.1823215567939546
657,опережать,0.1,0.0,0.1823215567939546
658,определенный,0.4,0.1,0.4289956055183586
659,организация,0.0,0.1,-0.1823215567939546
660,организм,0.0,0.1,-0.1823215567939546
661,организовывать,0.1,0.0,0.1823215567939546
662,оружие,0.2,0.1,0.15906469462968728
663,освещать,0.1,0.0,0.1823215567939546
664,основной,0.3,0.0,0.47000362924573563
665,особенно,0.4,0.0,0.5877866649021191
666,оставаться,0.1,0.1,0.0
667,остальной,0.0,0.1,-0.1823215567939546
668,осторожный,0.1,0.0,0.1823215567939546
669,остров,0.0,0.1,-0.1823215567939546
670,от,0.8,0.5,0.4054651081081644
671,отец,0.0,0.1,-0.1823215567939546
672,отказ,0.2,0.1,0.15906469462968728
673,отказывать,0.0,0.1,-0.1823215567939546
674,отказываться,0.0,0.1,-0.1823215567939546
675,открывать,0.2,0.0,0.3364722366212129
676,отличать,0.1,0.0,0.1823215567939546
677,отличие,0.1,0.0,0.1823215567939546
678,отмена,0.2,0.1,0.15906469462968728
679,отмечать,0.1,0.0,0.1823215567939546
680,относительно,0.1,0.0,0.1823215567939546
681,отправляться,0.0,0.1,-0.1823215567939546
682,отражать,0.2,0.0,0.3364722366212129
683,отставать,0.2,0.0,0.3364722366212129
684,отсутствовать,0.1,0.0,0.1823215567939546
685,офисный,0.1,0.0,0.1823215567939546
686,оценивать,0.1,0.0,0.1823215567939546
687,очарование,0.1,0.0,0.1823215567939546
688,очень,0.6,0.7,-0.137201121513485
689,очки,0.2,0.1,0.15906469462968728
690,падать,0.0,0.1,-0.1823215567939546
691,паоло,0.0,0.1,-0.1823215567939546
692,пара,0.1,0.0,0.1823215567939546
693,парень,0.2,0.1,0.15906469462968728
694,париж,0.1,0.0,0.1823215567939546
695,парма,0.0,0.1,-0.1823215567939546
696,пепси,0.0,0.1,-0.1823215567939546
697,первый,0.0,0.2,-0.3364722366212129
698,перебираться,0.0,0.1,-0.1823215567939546
699,перед,0.1,0.1,0.0
700,переживать,0.0,0.1,-0.1823215567939546
701,перенести,0.1,0.0,0.1823215567939546
702,пионербол,0.0,0.1,-0.1823215567939546
703,пирло,0.0,0.1,-0.1823215567939546
704,пирсинг,0.2,0.1,0.15906469462968728
705,питание,0.1,0.1,0.0
706,питер,0.0,0.1,-0.1823215567939546
707,пища,0.1,0.0,0.1823215567939546
708,плавание,0.0,0.2,-0.3364722366212129
709,плавать,0.0,0.1,-0.1823215567939546
710,платить,0.1,0.0,0.1823215567939546
711,платформа,0.1,0.0,0.1823215567939546
712,платье,0.1,0.0,0.1823215567939546
713,плохой,0.1,0.0,0.1823215567939546
714,пляж,0.1,0.0,0.1823215567939546
715,по,0.6,0.8,-0.2795848622191617
716,победа,0.0,0.2,-0.3364722366212129
717,победитель,0.0,0.1,-0.1823215567939546
718,побеждать,0.0,0.1,-0.1823215567939546
719,повседневный,0.0,0.1,-0.1823215567939546
720,повсюду,0.1,0.0,0.1823215567939546
721,повышать,0.1,0.1,0.0
722,повышение,0.0,0.1,-0.1823215567939546
723,под,0.1,0.0,0.1823215567939546
724,подвижный,0.0,0.1,-0.1823215567939546
725,подготовка,0.0,0.1,-0.1823215567939546
726,поддерживать,0.0,0.1,-0.1823215567939546
727,подписывать,0.0,0.1,-0.1823215567939546
728,подразумеваться,0.1,0.0,0.1823215567939546
729,подрастать,0.0,0.1,-0.1823215567939546
730,подросток,0.4,0.1,0.4289956055183586
731,подсознательно,0.2,0.1,0.15906469462968728
732,подходить,0.2,0.0,0.3364722366212129
733,подходящий,0.1,0.0,0.1823215567939546
734,поесть,0.0,0.1,-0.1823215567939546
735,пожениться,0.0,0.1,-0.1823215567939546
736,позволять,0.3,0.0,0.47000362924573563
737,поздно,0.0,0.1,-0.1823215567939546
738,поиск,0.1,0.0,0.1823215567939546
739,пока,0.0,0.1,-0.1823215567939546
740,показ,0.1,0.0,0.1823215567939546
741,показатель,0.1,0.0,0.1823215567939546
742,показательный,0.2,0.1,0.15906469462968728
743,показывать,0.2,0.1,0.15906469462968728
744,показываться,0.1,0.0,0.1823215567939546
745,покупатель,0.1,0.0,0.1823215567939546
746,покупательский,0.1,0.0,0.1823215567939546
747,покупать,0.4,0.1,0.4289956055183586
748,покупка,0.5,0.1,0.5465437063680698
749,полагать,0.0,0.1,-0.1823215567939546
750,полезно,0.0,0.1,-0.1823215567939546
751,полезный,0.0,0.1,-0.1823215567939546
752,политический,0.2,0.2,0.0
753,полка,0.1,0.0,0.1823215567939546
754,полностью,0.1,0.0,0.1823215567939546
755,полузащитник,0.0,0.1,-0.1823215567939546
756,получать,0.1,0.3,-0.3007541540191338
757,помнить,0.0,0.1,-0.1823215567939546
758,помогать,0.1,0.2,-0.15906469462968728
759,понимать,0.3,0.1,0.30075415401913386
760,понравиться,0.1,0.0,0.1823215567939546
761,понятие,0.1,0.0,0.1823215567939546
762,пообщаться,0.0,0.1,-0.1823215567939546
763,попадаться,0.1,0.0,0.1823215567939546
764,попросту,0.1,0.0,0.1823215567939546
765,популярный,0.1,0.3,-0.3007541540191338
766,пора,0.0,0.2,-0.3364722366212129
767,поражение,0.0,0.1,-0.1823215567939546
768,портобелло,0.1,0.0,0.1823215567939546
769,португалия,0.0,0.1,-0.1823215567939546
770,посвящать,0.1,0.0,0.1823215567939546
771,поскольку,0.1,0.0,0.1823215567939546
772,после,0.2,0.2,0.0
773,последний,0.3,0.2,0.1451820098444979
774,пословица,0.2,0.0,0.3364722366212129
775,постер,0.1,0.1,0.0
776,постоянно,0.3,0.1,0.30075415401913386
777,постоянный,0.0,0.1,-0.1823215567939546
778,потом,0.1,0.2,-0.15906469462968728
779,потому,0.2,0.2,0.0
780,поторговаться,0.1,0.0,0.1823215567939546
781,потребление,0.1,0.0,0.1823215567939546
782,похожий,0.2,0.0,0.3364722366212129
783,почему,0.1,0.0,0.1823215567939546
784,почти,0.0,0.1,-0.1823215567939546
785,поэтому,0.2,0.0,0.3364722366212129
786,появляться,0.0,0.1,-0.1823215567939546
787,пояс,0.0,0.1,-0.1823215567939546
788,пр,0.1,0.0,0.1823215567939546
789,правда,0.0,0.1,-0.1823215567939546
790,правило,0.2,0.0,0.3364722366212129
791,правильно,0.1,0.0,0.1823215567939546
792,правильный,0.0,0.1,-0.1823215567939546
793,право,0.0,0.1,-0.1823215567939546
794,праздник,0.0,0.1,-0.1823215567939546
795,праздничный,0.1,0.0,0.1823215567939546
796,практически,0.1,0.0,0.1823215567939546
797,предлагать,0.2,0.0,0.3364722366212129
798,предложение,0.1,0.0,0.1823215567939546
799,предпочитать,0.3,0.2,0.1451820098444979
800,предпочтительно,0.1,0.0,0.1823215567939546
801,представитель,0.1,0.0,0.1823215567939546
802,прежде,0.1,0.1,0.0
803,прекрасный,0.1,0.1,0.0
804,препарат,0.0,0.1,-0.1823215567939546
805,прерывать,0.0,0.1,-0.1823215567939546
806,пресли,0.2,0.1,0.15906469462968728
807,престижный,0.1,0.0,0.1823215567939546
808,приверженный,0.1,0.0,0.1823215567939546
809,привет,0.0,0.1,-0.1823215567939546
810,привлекательно,0.2,0.0,0.3364722366212129
811,привлекательный,0.1,0.0,0.1823215567939546
812,привлекать,0.1,0.0,0.1823215567939546
813,приводить,0.0,0.1,-0.1823215567939546
814,привыкать,0.1,0.1,0.0
815,привычка,0.1,0.0,0.1823215567939546
816,признавать,0.1,0.0,0.1823215567939546
817,признаваться,0.1,0.0,0.1823215567939546
818,признак,0.2,0.1,0.15906469462968728
819,пример,0.3,0.1,0.30075415401913386
820,примеривать,0.1,0.0,0.1823215567939546
821,примерка,0.1,0.0,0.1823215567939546
822,принадлежать,0.2,0.2,0.0
823,принадлежность,0.1,0.0,0.1823215567939546
824,принимать,0.2,0.2,0.0
825,принмаять,0.0,0.1,-0.1823215567939546
826,приносить,0.0,0.2,-0.3364722366212129
827,принятие,0.2,0.1,0.15906469462968728
828,приобретать,0.1,0.0,0.1823215567939546
829,присоединяться,0.0,0.1,-0.1823215567939546
830,пристальный,0.1,0.0,0.1823215567939546
831,притерпеть,0.1,0.0,0.1823215567939546
832,приходить,0.0,0.1,-0.1823215567939546
833,причина,0.2,0.0,0.3364722366212129
834,приятный,0.0,0.1,-0.1823215567939546
835,проблема,0.2,0.1,0.15906469462968728
836,проведение,0.1,0.2,-0.15906469462968728
837,провожать,0.1,0.0,0.1823215567939546
838,прогулка,0.0,0.1,-0.1823215567939546
839,продавать,0.3,0.1,0.30075415401913386
840,продавец,0.1,0.0,0.1823215567939546
841,продажа,0.2,0.1,0.15906469462968728
842,продвинутый,0.1,0.0,0.1823215567939546
843,продовольственный,0.1,0.0,0.1823215567939546
844,продукт,0.2,0.0,0.3364722366212129
845,продумывать,0.1,0.0,0.1823215567939546
846,прозвище,0.0,0.1,-0.1823215567939546
847,производитель,0.1,0.0,0.1823215567939546
848,производить,0.1,0.0,0.1823215567939546
849,производство,0.2,0.1,0.15906469462968728
850,просматривать,0.1,0.0,0.1823215567939546
851,просто,0.1,0.1,0.0
852,простой,0.2,0.0,0.3364722366212129
853,просторный,0.1,0.0,0.1823215567939546
854,просыпаться,0.0,0.1,-0.1823215567939546
855,противовес,0.1,0.0,0.1823215567939546
856,противостоять,0.1,0.0,0.1823215567939546
857,профессиональный,0.0,0.2,-0.3364722366212129
858,профессия,0.0,0.2,-0.3364722366212129
859,проходить,0.1,0.0,0.1823215567939546
860,проявлять,0.0,0.1,-0.1823215567939546
861,прыжок,0.0,0.1,-0.1823215567939546
862,прэпс,0.2,0.1,0.15906469462968728
863,психологически,0.1,0.0,0.1823215567939546
864,психологический,0.0,0.1,-0.1823215567939546
865,птица,0.1,0.0,0.1823215567939546
866,пытаться,0.4,0.1,0.4289956055183586
867,пятница,0.1,0.0,0.1823215567939546
868,работа,0.3,0.1,0.30075415401913386
869,работать,0.0,0.1,-0.1823215567939546
870,рабочий,0.2,0.1,0.15906469462968728
871,рад,0.1,0.0,0.1823215567939546
872,радость,0.0,0.1,-0.1823215567939546
873,раз,0.1,0.2,-0.15906469462968728
874,развивать,0.1,0.0,0.1823215567939546
875,развлечение,0.1,0.0,0.1823215567939546
876,разделение,0.2,0.1,0.15906469462968728
877,разделять,0.1,0.0,0.1823215567939546
878,раздражать,0.1,0.0,0.1823215567939546
879,различный,0.2,0.2,0.0
880,размер,0.1,0.0,0.1823215567939546
881,размывание,0.1,0.0,0.1823215567939546
882,разный,0.3,0.1,0.30075415401913386
883,разочарование,0.1,0.0,0.1823215567939546
884,разумеется,0.1,0.0,0.1823215567939546
885,рамка,0.2,0.1,0.15906469462968728
886,ранний,0.0,0.1,-0.1823215567939546
887,расовый,0.2,0.1,0.15906469462968728
888,располагать,0.1,0.0,0.1823215567939546
889,распространение,0.0,0.1,-0.1823215567939546
890,распространенный,0.1,0.0,0.1823215567939546
891,распространяться,0.2,0.1,0.15906469462968728
892,рассказывать,0.3,0.1,0.30075415401913386
893,расстояние,0.2,0.1,0.15906469462968728
894,растяжка,0.0,0.1,-0.1823215567939546
895,реакция,0.2,0.1,0.15906469462968728
896,реал,0.0,0.2,-0.3364722366212129
897,реальный,0.1,0.0,0.1823215567939546
898,ребенок,0.1,0.1,0.0
899,революционер,0.2,0.1,0.15906469462968728
900,регулярно,0.0,0.1,-0.1823215567939546
901,регулярный,0.0,0.1,-0.1823215567939546
902,резиновый,0.0,0.1,-0.1823215567939546
903,результат,0.0,0.1,-0.1823215567939546
904,реклама,0.4,0.1,0.4289956055183586
905,рекламный,0.4,0.2,0.2795848622191617
906,рекорд,0.0,0.1,-0.1823215567939546
907,религия,0.1,0.0,0.1823215567939546
908,ресторан,0.2,0.0,0.3364722366212129
909,решение,0.0,0.1,-0.1823215567939546
910,ринг,0.0,0.1,-0.1823215567939546
911,рио,0.0,0.1,-0.1823215567939546
912,рисковать,0.1,0.0,0.1823215567939546
913,род,0.1,0.0,0.1823215567939546
914,родитель,0.1,0.0,0.1823215567939546
915,родиться,0.0,0.1,-0.1823215567939546
916,рождаться,0.0,0.2,-0.3364722366212129
917,рождество,0.1,0.0,0.1823215567939546
918,ролик,0.0,0.1,-0.1823215567939546
919,роль,0.0,0.1,-0.1823215567939546
920,роналд,0.0,0.1,-0.1823215567939546
921,роналдо,0.0,0.1,-0.1823215567939546
922,рональдо,0.0,0.1,-0.1823215567939546
923,российский,0.1,0.0,0.1823215567939546
924,россия,0.2,0.1,0.15906469462968728
925,рост,0.0,0.1,-0.1823215567939546
926,роуд,0.1,0.0,0.1823215567939546
927,рубеж,0.0,0.1,-0.1823215567939546
928,русский,0.1,0.0,0.1823215567939546
929,рутина,0.1,0.0,0.1823215567939546
930,рутинный,0.1,0.0,0.1823215567939546
931,рынок,0.2,0.0,0.3364722366212129
932,с,0.8,0.7,0.14518200984449808
933,сайт,0.0,0.1,-0.1823215567939546
934,сам,0.3,0.2,0.1451820098444979
935,самолет,0.0,0.1,-0.1823215567939546
936,самый,0.2,0.5,-0.40546510810816444
937,сантуш,0.0,0.1,-0.1823215567939546
938,саратов,0.1,0.0,0.1823215567939546
939,сбалансированный,0.0,0.1,-0.1823215567939546
940,сборная,0.0,0.2,-0.3364722366212129
941,свободный,0.0,0.1,-0.1823215567939546
942,свой,0.5,0.5,0.0
943,связанный,0.2,0.0,0.3364722366212129
944,связь,0.2,0.1,0.15906469462968728
945,сдаваться,0.0,0.1,-0.1823215567939546
946,сделать,0.1,0.2,-0.15906469462968728
947,сделка,0.1,0.0,0.1823215567939546
948,себя,0.7,0.5,0.26826398659467937
949,сегодня,0.3,0.3,0.0
950,сегодняшний,0.1,0.0,0.1823215567939546
951,сезон,0.1,0.0,0.1823215567939546
952,сейчас,0.0,0.1,-0.1823215567939546
953,секрет,0.0,0.1,-0.1823215567939546
954,селеша,0.0,0.1,-0.1823215567939546
955,сердце,0.0,0.1,-0.1823215567939546
956,серия,0.0,0.1,-0.1823215567939546
957,серфинг,0.0,0.1,-0.1823215567939546
958,сеть,0.1,0.0,0.1823215567939546
959,сидеть,0.0,0.1,-0.1823215567939546
960,сила,0.1,0.1,0.0
961,сильно,0.2,0.2,0.0
962,сильный,0.0,0.3,-0.4700036292457356
963,ситуация,0.1,0.1,0.0
964,сказать,0.3,0.2,0.1451820098444979
965,скайсерфинг,0.0,0.1,-0.1823215567939546
966,скейтер,0.2,0.1,0.15906469462968728
967,скидка,0.1,0.0,0.1823215567939546
968,сколько,0.0,0.1,-0.1823215567939546
969,скорость,0.0,0.1,-0.1823215567939546
970,скромно,0.1,0.0,0.1823215567939546
971,следить,0.0,0.1,-0.1823215567939546
972,следовать,0.6,0.1,0.6554068525770982
973,слепо,0.1,0.0,0.1823215567939546
974,слишком,0.1,0.0,0.1823215567939546
975,слово,0.2,0.0,0.3364722366212129
976,сложно,0.2,0.0,0.3364722366212129
977,сложный,0.1,0.1,0.0
978,случай,0.1,0.1,0.0
979,смешно,0.1,0.0,0.1823215567939546
980,сми,0.1,0.0,0.1823215567939546
981,смотреть,0.2,0.5,-0.40546510810816444
982,смочь,0.1,0.0,0.1823215567939546
983,смысл,0.1,0.0,0.1823215567939546
984,снаряжение,0.0,0.1,-0.1823215567939546
985,снег,0.0,0.1,-0.1823215567939546
986,снова,0.1,0.1,0.0
987,сноубординг,0.0,0.1,-0.1823215567939546
988,сноурафтинг,0.0,0.1,-0.1823215567939546
989,со,0.0,0.2,-0.3364722366212129
990,собираться,0.0,0.1,-0.1823215567939546
991,соблюдать,0.0,0.1,-0.1823215567939546
992,собственный,0.2,0.0,0.3364722366212129
993,совместно,0.0,0.1,-0.1823215567939546
994,современный,0.5,0.0,0.6931471805599453
995,согласно,0.2,0.1,0.15906469462968728
996,сожаление,0.1,0.0,0.1823215567939546
997,создавать,0.4,0.1,0.4289956055183586
998,создаваться,0.1,0.0,0.1823215567939546
999,сознательно,0.2,0.1,0.15906469462968728
1000,сомневаться,0.1,0.0,0.1823215567939546
1001,сомнение,0.1,0.0,0.1823215567939546
1002,сообщать,0.1,0.0,0.1823215567939546
1003,соответствие,0.1,0.0,0.1823215567939546
1004,соответствовать,0.2,0.1,0.15906469462968728
1005,соответствующе,0.2,0.0,0.3364722366212129
1006,соперник,0.1,0.0,0.1823215567939546
1007,сопровождать,0.1,0.0,0.1823215567939546
1008,сопротивление,0.0,0.1,-0.1823215567939546
1009,соревнование,0.0,0.4,-0.587786664902119
1010,состояние,0.1,0.1,0.0
1011,сотня,0.1,0.0,0.1823215567939546
1012,сохранять,0.0,0.1,-0.1823215567939546
1013,сохраняться,0.0,0.1,-0.1823215567939546
1014,социальный,0.4,0.1,0.4289956055183586
1015,сочетать,0.1,0.0,0.1823215567939546
1016,специальный,0.1,0.0,0.1823215567939546
1017,спорт,0.0,0.7,-0.8754687373538999
1018,спортивный,0.1,0.1,0.0
1019,спортсмен,0.0,0.3,-0.4700036292457356
1020,спортсменка,0.0,0.1,-0.1823215567939546
1021,способ,0.1,0.0,0.1823215567939546
1022,спрыгивать,0.0,0.1,-0.1823215567939546
1023,спускаться,0.0,0.1,-0.1823215567939546
1024,среди,0.0,0.2,-0.3364722366212129
1025,средний,0.3,0.1,0.30075415401913386
1026,средство,0.2,0.3,-0.14518200984449783
1027,стадион,0.0,0.1,-0.1823215567939546
1028,становиться,0.5,0.4,0.13353139262452277
1029,стараться,0.1,0.0,0.1823215567939546
1030,старомодный,0.1,0.0,0.1823215567939546
1031,старший,0.0,0.1,-0.1823215567939546
1032,старый,0.1,0.1,0.0
1033,статус,0.2,0.0,0.3364722366212129
1034,степень,0.1,0.0,0.1823215567939546
1035,стереотип,0.2,0.1,0.15906469462968728
1036,стиль,0.8,0.1,0.8527773261518292
1037,стильно,0.3,0.0,0.47000362924573563
1038,стильный,0.1,0.0,0.1823215567939546
1039,стоить,0.2,0.0,0.3364722366212129
1040,столетие,0.1,0.0,0.1823215567939546
1041,сторона,0.2,0.0,0.3364722366212129
1042,страна,0.1,0.2,-0.15906469462968728
1043,стремиться,0.0,0.1,-0.1823215567939546
1044,стремление,0.2,0.0,0.3364722366212129
1045,стресс,0.0,0.1,-0.1823215567939546
1046,строгий,0.2,0.2,0.0
1047,суббота,0.0,0.1,-0.1823215567939546
1048,судить,0.2,0.0,0.3364722366212129
1049,сумашедший,0.0,0.1,-0.1823215567939546
1050,супермаркет,0.2,0.0,0.3364722366212129
1051,супертяжелый,0.0,0.1,-0.1823215567939546
1052,суша,0.0,0.1,-0.1823215567939546
1053,существование,0.0,0.1,-0.1823215567939546
1054,существовать,0.4,0.1,0.4289956055183586
1055,сходить,0.1,0.0,0.1823215567939546
1056,схожий,0.0,0.1,-0.1823215567939546
1057,счастие,0.1,0.1,0.0
1058,счастливый,0.0,0.1,-0.1823215567939546
1059,считать,0.3,0.1,0.30075415401913386
1060,считаться,0.2,0.0,0.3364722366212129
1061,сша,0.1,0.1,0.0
1062,сын,0.0,0.1,-0.1823215567939546
1063,сыр,0.1,0.0,0.1823215567939546
1064,сэмюэль,0.0,0.1,-0.1823215567939546
1065,т,0.1,0.0,0.1823215567939546
1066,так,0.5,0.3,0.26826398659467937
1067,также,0.5,0.5,0.0
1068,такой,0.9,0.3,0.7570959051602186
1069,талантливый,0.0,0.1,-0.1823215567939546
1070,там,0.1,0.2,-0.15906469462968728
1071,тв,0.1,0.1,0.0
1072,телевидение,0.2,0.1,0.15906469462968728
1073,телевизор,0.0,0.4,-0.587786664902119
1074,тело,0.0,0.1,-0.1823215567939546
1075,телосложение,0.1,0.0,0.1823215567939546
1076,тема,0.0,0.1,-0.1823215567939546
1077,тенденция,0.5,0.1,0.5465437063680698
1078,тенис,0.0,0.1,-0.1823215567939546
1079,теннис,0.0,0.3,-0.4700036292457356
1080,теннисный,0.0,0.1,-0.1823215567939546
1081,теперь,0.1,0.1,0.0
1082,терапия,0.1,0.0,0.1823215567939546
1083,терять,0.2,0.0,0.3364722366212129
1084,техника,0.1,0.0,0.1823215567939546
1085,технология,0.1,0.0,0.1823215567939546
1086,течение,0.1,0.0,0.1823215567939546
1087,тиранический,0.1,0.0,0.1823215567939546
1088,титул,0.0,0.2,-0.3364722366212129
1089,то,0.9,0.6,0.4289956055183587
1090,товар,0.2,0.0,0.3364722366212129
1091,товарищество,0.0,0.1,-0.1823215567939546
1092,тогда,0.0,0.1,-0.1823215567939546
1093,тоже,0.0,0.2,-0.3364722366212129
1094,тольдо,0.0,0.1,-0.1823215567939546
1095,только,0.2,0.1,0.15906469462968728
1096,торговля,0.1,0.0,0.1823215567939546
1097,торговый,0.2,0.0,0.3364722366212129
1098,тот,0.3,0.6,-0.39465419200394874
1099,тотти,0.0,0.1,-0.1823215567939546
1100,точно,0.0,0.1,-0.1823215567939546
1101,травма,0.0,0.1,-0.1823215567939546
1102,традиция,0.1,0.1,0.0
1103,транспортировать,0.2,0.1,0.15906469462968728
1104,трата,0.1,0.0,0.1823215567939546
1105,тратить,0.3,0.0,0.47000362924573563
1106,требование,0.1,0.1,0.0
1107,требоваться,0.0,0.1,-0.1823215567939546
1108,тренироваться,0.0,0.1,-0.1823215567939546
1109,тренировка,0.0,0.1,-0.1823215567939546
1110,три,0.0,0.1,-0.1823215567939546
1111,трое,0.0,0.1,-0.1823215567939546
1112,труд,0.1,0.0,0.1823215567939546
1113,трудно,0.1,0.0,0.1823215567939546
1114,трудый,0.1,0.0,0.1823215567939546
1115,туалетный,0.1,0.0,0.1823215567939546
1116,туда,0.1,0.0,0.1823215567939546
1117,туристический,0.1,0.0,0.1823215567939546
1118,ты,0.2,0.1,0.15906469462968728
1119,тяжеловес,0.0,0.1,-0.1823215567939546
1120,тяжелый,0.1,0.1,0.0
1121,тянуть,0.0,0.1,-0.1823215567939546
1122,у,0.2,0.3,-0.14518200984449783
1123,убеждать,0.1,0.1,0.0
1124,уверенно,0.1,0.0,0.1823215567939546
1125,уверенный,0.1,0.0,0.1823215567939546
1126,увидеть,0.0,0.1,-0.1823215567939546
1127,увлекаться,0.0,0.1,-0.1823215567939546
1128,увлечение,0.0,0.1,-0.1823215567939546
1129,удаваться,0.0,0.1,-0.1823215567939546
1130,удар,0.0,0.1,-0.1823215567939546
1131,удивительный,0.1,0.0,0.1823215567939546
1132,удобный,0.1,0.0,0.1823215567939546
1133,удовольствие,0.0,0.1,-0.1823215567939546
1134,ужасно,0.0,0.1,-0.1823215567939546
1135,уже,0.0,0.1,-0.1823215567939546
1136,уимблдон,0.0,0.1,-0.1823215567939546
1137,украина,0.0,0.1,-0.1823215567939546
1138,украинский,0.0,0.1,-0.1823215567939546
1139,украшать,0.1,0.0,0.1823215567939546
1140,улучшать,0.0,0.1,-0.1823215567939546
1141,ум,0.1,0.0,0.1823215567939546
1142,умерять,0.0,0.1,-0.1823215567939546
1143,уметь,0.0,0.1,-0.1823215567939546
1144,универмаг,0.2,0.0,0.3364722366212129
1145,уникальный,0.2,0.0,0.3364722366212129
1146,униформа,0.2,0.1,0.15906469462968728
1147,упражнение,0.0,0.3,-0.4700036292457356
1148,упругий,0.0,0.1,-0.1823215567939546
1149,уровень,0.0,0.1,-0.1823215567939546
1150,урод,0.2,0.1,0.15906469462968728
1151,успех,0.1,0.0,0.1823215567939546
1152,успешный,0.1,0.0,0.1823215567939546
1153,устаивать,0.1,0.0,0.1823215567939546
1154,установка,0.1,0.0,0.1823215567939546
1155,утро,0.2,0.2,0.0
1156,участие,0.2,0.3,-0.14518200984449783
1157,учитывать,0.0,0.1,-0.1823215567939546
1158,факт,0.0,0.1,-0.1823215567939546
1159,фанат,0.0,0.1,-0.1823215567939546
1160,февраль,0.0,0.1,-0.1823215567939546
1161,феномен,0.1,0.0,0.1823215567939546
1162,фигура,0.1,0.1,0.0
1163,фигурный,0.0,0.1,-0.1823215567939546
1164,физический,0.0,0.4,-0.587786664902119
1165,фильм,0.2,0.1,0.15906469462968728
1166,фирменный,0.1,0.0,0.1823215567939546
1167,фитнес,0.0,0.1,-0.1823215567939546
1168,фифа,0.0,0.1,-0.1823215567939546
1169,фонд,0.0,0.1,-0.1823215567939546
1170,форма,0.0,0.3,-0.4700036292457356
1171,франция,0.1,0.0,0.1823215567939546
1172,французский,0.2,0.2,0.0
1173,фрукт,0.1,0.0,0.1823215567939546
1174,фрэнк,0.0,0.1,-0.1823215567939546
1175,фуншал,0.0,0.1,-0.1823215567939546
1176,футбол,0.0,0.5,-0.6931471805599453
1177,футболист,0.0,0.3,-0.4700036292457356
1178,футболка,0.3,0.0,0.47000362924573563
1179,футбольный,0.0,0.3,-0.4700036292457356
1180,х,0.2,0.1,0.15906469462968728
1181,характер,0.1,0.0,0.1823215567939546
1182,ходить,0.2,0.1,0.15906469462968728
1183,ходьба,0.0,0.1,-0.1823215567939546
1184,хоккей,0.0,0.1,-0.1823215567939546
1185,холодильный,0.1,0.0,0.1823215567939546
1186,холодно,0.0,0.1,-0.1823215567939546
1187,хороший,0.4,0.5,-0.13353139262452274
1188,хорошо,0.3,0.2,0.1451820098444979
1189,хотеть,0.2,0.4,-0.2795848622191617
1190,хотя,0.2,0.1,0.15906469462968728
1191,хэм,0.0,0.1,-0.1823215567939546
1192,хэмнетта,0.2,0.1,0.15906469462968728
1193,целый,0.1,0.1,0.0
1194,цель,0.1,0.0,0.1823215567939546
1195,цена,0.2,0.0,0.3364722366212129
1196,центр,0.2,0.0,0.3364722366212129
1197,час,0.1,0.0,0.1823215567939546
1198,часовой,0.0,0.1,-0.1823215567939546
1199,частный,0.1,0.0,0.1823215567939546
1200,часто,0.2,0.1,0.15906469462968728
1201,часть,0.4,0.2,0.2795848622191617
1202,человек,1.0,0.6,0.5877866649021191
1203,челси,0.0,0.1,-0.1823215567939546
1204,чем,0.5,0.4,0.13353139262452277
1205,чемпион,0.0,0.1,-0.1823215567939546
1206,чемпионат,0.0,0.3,-0.4700036292457356
1207,через,0.3,0.0,0.47000362924573563
1208,черный,0.3,0.1,0.30075415401913386
1209,четыре,0.0,0.1,-0.1823215567939546
1210,чипсы,0.0,0.1,-0.1823215567939546
1211,число,0.0,0.1,-0.1823215567939546
1212,чистый,0.0,0.1,-0.1823215567939546
1213,чрезмерно,0.1,0.0,0.1823215567939546
1214,что,1.0,0.9,0.1823215567939546
1215,чтобы,0.6,0.6,0.0
1216,чувство,0.2,0.1,0.15906469462968728
1217,чувствовать,0.5,0.1,0.5465437063680698
1218,шестнадцать,0.0,0.1,-0.1823215567939546
1219,широкий,0.1,0.1,0.0
1220,широко,0.1,0.0,0.1823215567939546
1221,шить,0.2,0.1,0.15906469462968728
1222,школа,0.2,0.2,0.0
1223,школьник,0.1,0.0,0.1823215567939546
1224,школьный,0.0,0.1,-0.1823215567939546
1225,шопинг,0.1,0.0,0.1823215567939546
1226,шопоголик,0.2,0.0,0.3364722366212129
1227,шоппинг,0.2,0.0,0.3364722366212129
1228,шоу,0.0,0.1,-0.1823215567939546
1229,штеффи,0.0,0.1,-0.1823215567939546
1230,щит,0.4,0.1,0.4289956055183586
1231,эксперт,0.0,0.1,-0.1823215567939546
1232,экстремальный,0.0,0.1,-0.1823215567939546
1233,элвис,0.2,0.1,0.15906469462968728
1234,элегантный,0.3,0.0,0.47000362924573563
1235,элемент,0.0,0.1,-0.1823215567939546
1236,энтузиазм,0.1,0.0,0.1823215567939546
1237,этикетка,0.1,0.0,0.1823215567939546
1238,это,0.8,0.8,0.0
1239,этот,0.7,0.5,0.26826398659467937
1240,эффективный,0.1,0.0,0.1823215567939546
1241,юар,0.0,0.1,-0.1823215567939546
1242,юбка,0.1,0.0,0.1823215567939546
1243,ювелирный,0.1,0.0,0.1823215567939546
1244,я,0.5,0.6,-0.13353139262452274
1245,являться,0.3,0.4,-0.13720112151348515
1246,явни,0.1,0.0,0.1823215567939546
1247,язык,0.2,0.1,0.15906469462968728
1248,яркий,0.1,0.0,0.1823215567939546
1249,ясно,0.1,0.0,0.1823215567939546
1250,яффо,0.1,0.0,0.1823215567939546
